rent_long,rent_lat
119.9668717,31.86687229
119.933413,31.777808
119.933515,31.731863
119.933681,31.777764
119.980252,31.767844
119.983376,31.814136
120.050041,31.723317
119.9708678,31.80831272
119.9423679,31.71546468
119.9724783,31.79910943
119.950644,31.774552
119.9507078,31.71453289
119.953202,31.708215
119.9835495,31.78519911
119.9835959,31.78528293
119.962949,31.776655
119.9441035,31.81504639
119.9150922,31.79405219
119.976871,31.826829
119.956248,31.791102
119.97428,31.77974469
119.947353,31.734522
119.9861382,31.76314304
119.956752,31.779123
119.930741,31.77156
119.966557,31.799768
119.9673146,31.76723416
119.9835536,31.78517714
119.962836,31.767772
119.9700708,31.8204579
119.957494,31.718637
119.96627,31.756159
119.946526,31.781626
119.9920508,31.80216119
119.946336,31.781681
119.915884,31.793939
119.9451451,31.7154834
119.957866,31.718423
119.9540636,31.77627523
119.9584233,31.75547697
0,0
119.9540888,31.77625109
119.9420117,31.68874186
119.91452,31.909782
119.9725209,31.82175863
119.942572,31.762755
119.975054,31.7983488
119.9540565,31.77612033
119.952833,31.776045
119.9937,31.846307
119.948016,31.871877
119.9540243,31.77613878
0,0
119.978503,31.75658
119.960756,31.803962
119.9541051,31.77612169
119.9726056,31.82120397
0,0
119.9540774,31.77616672
119.9628448,31.76772108
119.9608382,31.7933903
119.9628133,31.78422336
120.0415365,31.75388211
119.956697,31.778825
119.962764,31.76772046
119.969424,31.819619
119.9541376,31.77141086
119.9701609,31.82849854
119.937893,31.784726
0,0
119.9758389,31.72716252
119.947082,31.731844
119.985757,31.791658
0,0
119.9362486,31.78219781
119.9362139,31.78151828
119.926027,31.791857
119.957743,31.718402
119.9758092,31.80025065
119.9683984,31.71529297
119.95499,31.776127
119.9254896,31.85086346
119.9255265,31.85079563
119.980681,31.795091
119.925532,31.850828
119.9298022,31.81507406
119.9429459,31.71514521
119.964218,31.765045
119.980508,31.820314
119.921495,31.759367
119.953822,31.7716
119.848346,31.77888
0,0
119.8481865,31.77891677
119.953875,31.771404
119.9821246,31.7659101
119.988621,31.809551
119.9866416,31.81930241
119.953938,31.775508
119.993285,31.779572
119.9549051,31.76436711
119.9549379,31.7643495
120.0002596,31.86227458
119.944717,31.760441
119.9819103,31.76598253
119.9609112,31.78999821
119.9568796,31.78092815
119.9210118,31.63281982
120.068517,31.720755
119.9907159,31.81525553
119.9829351,31.82015571
119.9521661,31.77274089
119.948344,31.768082
119.9017868,31.80402154
119.9846058,31.79216173
119.9540945,31.77635843
119.970048,31.697377
119.9845955,31.79220242
119.953832,31.763615
119.9542591,31.77625097
119.9569582,31.77898905
119.9609538,31.79319119
119.928381,31.784354
0,0
120.100685,31.696582
119.951317,31.777688
119.955057,31.764511
119.9541154,31.77618001
0,0
119.955846,31.776055
119.956474,31.780879
119.956723,31.781436
119.954989,31.78256
120.045914,31.755046
119.9560583,31.77610346
119.951251,31.714525
119.969837,31.796594
119.9995885,31.77862278
119.9158963,31.78228027
119.975629,31.776897
119.957207,31.781055
0,0
119.966086,31.816277
119.91561,31.782504
119.945659,31.805882
119.9317296,31.78885634
120.0426386,31.7544873
120.0427146,31.75443197
119.969794,31.786353
119.9749704,31.76941135
120.056257,31.726631
119.9694838,31.78612495
119.9695044,31.78603136
119.931298,31.67149441
119.9430531,31.76741509
119.9205759,31.78408339
119.947054,31.714712
119.967302,31.767236
119.974825,31.829179
119.943875,31.815246
119.944021,31.815084
119.944417,31.729453
119.960368,31.813995
119.969962,31.77111
120.0630361,31.71710435
119.938927,31.691393
119.979272,31.812648
119.9102422,31.86327718
119.958866,31.813055
119.9515305,31.78946452
120.034208,31.74636113
119.9701405,31.78465386
0,0
119.950978,31.778085
119.9340519,31.72628249
119.9235737,31.76355143
119.983731,31.823765
119.9485034,31.76357422
119.928815,31.84481
0,0
119.983525,31.827795
119.9612511,31.80069065
119.9837934,31.8279994
119.9299978,31.84849311
119.976561,31.81876
119.982057,31.770889
119.980002,31.839606
0,0
119.9662107,31.76373644
119.9853893,31.78397325
119.942091,31.693523
119.969515,31.81967
119.9837793,31.7700019
119.9505016,31.7793004
119.956186,31.714172
119.9796217,31.81266573
120.048915,31.719685
119.933138,31.734902
119.9702,31.81675
119.964484,31.782137
119.9646932,31.78219889
0,0
119.919481,31.782458
119.9126761,31.78193821
119.891201,31.806195
119.9758904,31.76857503
119.9484139,31.77997504
119.9482652,31.76824029
119.9793203,31.71820673
119.912853,31.781939
119.975009,31.8324
119.9762356,31.81527507
120.0632384,31.77156684
119.972571,31.821223
119.9524845,31.72355116
119.949214,31.732932
119.9410953,31.72665137
119.747756,31.777545
120.0632595,31.77156955
119.940731,31.752619
119.970416,31.816642
119.916056,31.793962
119.947762,31.819142
119.948384,31.820362
120.063415,31.730101
0,0
119.915864,31.794173
119.943813,31.811059
119.97262,31.821177
119.9691555,31.81630046
120.063394,31.729999
119.9509961,31.73454291
119.9390443,31.69152615
119.9819219,31.76599474
119.9228643,31.78940592
119.960897,31.75885
119.9525578,31.76576579
119.9390279,31.6883676
119.948399,31.768014
119.9194656,31.77741265
0,0
119.9695643,31.77067339
119.8642413,31.77901964
119.9823391,31.76605008
0,0
120.0375458,31.75366292
119.965928,31.85941569
119.9621026,31.78194398
119.939214,31.688329
119.965972,31.859355
119.965793,31.859403
119.972254,31.790393
119.947871,31.672939
119.951306,31.777686
119.948062,31.780666
119.9474339,31.76046953
119.9185867,31.78288574
119.9764895,31.81874403
119.97434,31.770743
119.915569,31.775119
119.9406422,31.7232996
119.984999,31.797675
120.037706,31.753685
120.0377032,31.75361617
119.955939,31.776102
120.0378524,31.75375558
119.924008,31.78864719
119.945877,31.773262
119.955818,31.776099
119.947683,31.731299
0,0
119.994652,31.78437
119.919745,31.76198
119.937305,31.789286
119.9460365,31.77300808
119.9349417,31.75386746
119.963924,31.807813
119.919564,31.762008
119.948018,31.763768
119.9706377,31.81775906
119.9519689,31.77635905
119.9380528,31.68836751
119.9396476,31.77859402
119.964912,31.758879
120.0499713,31.75318901
0,0
119.942806,31.721686
119.9682101,31.77567489
119.933413,31.777683
119.8938222,31.80071153
119.9701709,31.82090359
119.9700689,31.82097141
120.0114406,31.63762526
119.95784,31.769432
119.9700789,31.82097765
119.9694814,31.78607369
119.9547309,31.78432237
119.946783,31.760951
119.9976978,31.79683214
119.951032,31.787544
119.996077,31.782268
119.938584,31.775761
119.972756,31.829525
119.980673,31.794975
119.950372,31.751718
119.950526,31.72746908
119.946811,31.760662
119.982304,31.766108
119.845911,31.738672
119.9806522,31.79497426
120.049166,31.719581
0,0
119.958197,31.775777
119.974495,31.749677
119.932067,31.789509
120.0071422,31.88024929
119.9691116,31.7802908
119.923815,31.788615
119.933802,31.774228
119.968367,31.69386746
119.9512967,31.77639947
119.9895375,31.81931478
119.971342,31.856836
119.952027,31.776424
119.977429,31.827075
119.946999,31.770132
119.9474714,31.86966136
119.975127,31.76943251
119.9750486,31.76942112
119.96737,31.815996
0,0
119.963052,31.81954481
119.911028,31.793078
119.943271,31.77487
119.914058,31.793147
119.947746,31.729994
119.947172,31.868129
120.042812,31.754402
119.955291,31.687708
119.947505,31.869631
119.94272,31.721291
119.916061,31.793963
119.991929,31.77127767
120.0440413,31.75149631
119.9478475,31.76410156
119.9571563,31.73402072
119.952178,31.757274
119.9475095,31.86962064
119.9366268,31.81036757
119.923728,31.76360786
119.747824,31.777635
119.924099,31.788562
0,0
119.9779658,31.74085938
119.979558,31.815404
119.9852779,31.7687374
120.0657659,31.73047714
119.969477,31.819499
0,0
119.95396,31.761624
119.9663975,31.79970684
119.9906724,31.77728685
119.894644,31.801902
0,0
119.9787705,31.75357189
119.879725,31.77163
119.97877,31.753662
119.9793395,31.76275626
119.980019,31.816497
119.9529942,31.75955566
0,0
119.952072,31.776415
0,0
119.9474864,31.77906304
119.9369114,31.76511811
119.949944,31.781572
119.9556814,31.77635227
119.9582015,31.78933404
119.979295,31.81648
119.9354693,31.77395942
119.895425,31.783679
119.95955,31.75907
119.983529,31.796226
119.947732,31.821495
119.959596,31.759119
119.9531635,31.70828369
119.943208,31.726256
119.897282,31.800027
119.961538,31.7188
119.9566357,31.78993408
119.988758,31.776609
119.9471343,31.73182102
119.947566,31.688887
119.9705911,31.7734356
119.9886689,31.77667128
119.9249502,31.78255921
119.956271,31.770018
119.9792836,31.76273058
119.988629,31.776653
119.947754,31.729999
119.9561396,31.71930094
119.9239198,31.78855008
0,0
119.894681,31.791168
119.9589057,31.77829724
119.9505649,31.77449245
119.9400751,31.76021023
119.9713002,31.81124349
119.9307577,31.73650631
119.940148,31.759648
119.971203,31.870576
119.943826,31.811043
0,0
119.9504145,31.75162354
119.982364,31.824307
119.976222,31.83028
119.947623,31.768505
119.940223,31.752859
119.964241,31.765156
119.9699506,31.77131456
119.940188,31.752823
0,0
0,0
119.921807,31.848298
0,0
119.953769,31.77584
119.9572814,31.72164822
119.954666,31.777514
119.849758,31.793936
119.990795,31.849954
119.8499607,31.79398615
119.973405,31.792344
119.95047,31.776213
119.953816,31.77349
119.9510612,31.71453668
119.947247,31.669591
119.950507,31.77629
119.980405,31.788338
0,0
119.954648,31.777521
119.9383377,31.7756231
119.9582133,31.77570104
119.950965,31.777703
119.9688927,31.82532335
119.950862,31.774668
119.8239217,31.85674045
119.9763245,31.81521198
119.9380767,31.78475857
119.9763338,31.81521426
119.9099593,31.77342882
119.9763365,31.81520181
119.9100179,31.77331977
119.968021,31.817307
119.9678502,31.81759006
119.9763694,31.81522126
119.968021,31.817307
119.934575,31.76707
119.9508502,31.69079373
119.969285,31.756866
119.972382,31.828649
119.9678271,31.81729872
120.0649437,31.72184679
119.9798425,31.78010087
119.922732,31.796334
119.954121,31.776112
119.956849,31.813481
119.954187,31.776048
120.0428518,31.7553696
119.965682,31.859626
119.954233,31.776021
120.0428374,31.75535918
119.954233,31.776021
119.954217,31.776212
120.042695,31.756037
119.9579003,31.77581535
119.9642448,31.76498047
120.042921,31.755266
119.95436,31.776018
0,0
0,0
119.959582,31.67118485
0,0
0,0
0,0
119.979481,31.762738
119.9815564,31.786902
120.036062,31.753111
119.982373,31.80194
119.9764391,31.81869086
119.976553,31.81877
119.9815754,31.78689681
119.936183,31.794305
119.9924444,31.80918728
119.974651,31.779502
119.994589,31.873878
119.937682,31.783882
119.9364787,31.67534993
119.9219496,31.85485704
119.949495,31.77908
119.9411271,31.77881999
119.920304,31.794747
119.976902,31.793424
119.965424,31.783901
119.9877167,31.77572456
119.9756146,31.81713371
119.946039,31.70296251
119.946265,31.702572
119.932848,31.847326
119.937347,31.789301
119.964319,31.765231
119.9142313,31.85109878
119.972743,31.869598
119.9234768,31.76363037
119.9551148,31.78459041
119.9221755,31.79828872
119.983133,31.802704
119.898384,31.775077
119.969788,31.866675
119.9289958,31.75007867
119.908718,31.78353678
119.952186,31.705356
119.9487416,31.76615262
119.957471,31.78408
119.9235528,31.76351373
119.9208797,31.75760959
0,0
119.976815,31.785678
0,0
119.989841,31.85033908
119.952999,31.708384
119.970816,31.830293
119.9899094,31.85032742
119.946049,31.688244
0,0
119.9822767,31.84630968
119.946153,31.688179
119.944182,31.708903
119.9023291,31.85061876
119.956014,31.764549
119.978799,31.753623
119.9022923,31.85056846
119.9150694,31.78222005
119.957792,31.718422
119.954906,31.764368
119.952064,31.766186
119.957796,31.718589
120.096904,31.75809218
119.9778573,31.83662489
119.9202216,31.79473606
119.9137039,31.77468723
119.948351,31.709201
119.9483987,31.70908285
119.960083,31.75881
119.9464149,31.80785455
119.947289,31.71476345
119.9627707,31.7676416
119.944934,31.752228
119.914172,31.85110135
119.98552,31.801448
119.89391,31.794551
119.8937413,31.79430015
119.9448453,31.75231225
119.944421,31.778743
119.968034,31.818197
119.9559101,31.77622016
119.9786101,31.74760742
119.959592,31.78131863
119.947458,31.760371
119.947466,31.760361
119.947476,31.760386
119.9786057,31.74739502
119.8916135,31.78854248
119.969939,31.771255
119.954089,31.776082
119.954127,31.776089
119.9474921,31.66930528
119.946913,31.78114
119.955948,31.776281
119.9466303,31.76072076
119.979524,31.812653
119.9557599,31.77621954
119.9422203,31.73015766
119.942331,31.7301
0,0
119.955804,31.77635239
119.9656546,31.83941596
119.9353908,31.66170664
119.952325,31.76598985
120.0000327,31.81799863
119.938453,31.775611
119.938491,31.775628
119.9942213,31.87012378
119.978754,31.753706
119.842996,31.756051
119.891301,31.803439
0,0
0,0
119.923227,31.78952
119.989526,31.850959
119.8915844,31.78862453
119.979913,31.835744
119.956635,31.779195
119.915473,31.775438
119.983551,31.779223
119.967704,31.746018
119.95498,31.782627
0,0
0,0
120.063494,31.722379
119.96608,31.811496
0,0
119.9428385,31.8192863
120.063571,31.718799
119.950902,31.745726
119.9760422,31.83390951
119.840696,31.799387
119.9739006,31.82153293
119.9740253,31.82169298
119.9740253,31.82169298
119.9505092,31.77619358
119.969159,31.815404
119.9504688,31.77618815
119.950813,31.778022
119.9425656,31.71551789
119.956091,31.696634
119.9507794,31.77460341
119.991793,31.818116
119.952041,31.757584
119.9080214,31.79803575
119.9792575,31.76275613
119.9538767,31.7712736
119.9767046,31.8250019
119.927589,31.78709283
119.969959,31.82034342
119.969171,31.819706
0,0
0,0
0,0
120.0658168,31.7267985
119.991703,31.847108
120.0037735,31.78137418
120.063307,31.722353
120.063443,31.722478
119.9548206,31.75893156
119.9547523,31.75897325
119.924082,31.788538
0,0
119.9524357,31.78034532
119.952223,31.780293
0,0
119.954874,31.779005
119.9512665,31.70882514
119.923923,31.788546
120.0674082,31.76382582
120.0056253,31.77019363
0,0
119.954229,31.776312
119.954214,31.776294
119.95416,31.776137
119.944485,31.787733
119.94591,31.77315
119.95685,31.770854
119.9634223,31.76743652
119.964007,31.767198
119.9443774,31.77861328
119.946961,31.760889
119.897693,31.800127
119.9687123,31.81630558
119.893861,31.794381
119.893799,31.79433
119.9663224,31.79862033
119.966275,31.798721
120.010934,31.769485
119.9512994,31.83254069
119.951321,31.777638
119.9321222,31.7895696
119.9320325,31.78951067
119.9665308,31.82056044
119.9419613,31.78596815
119.9144705,31.75287489
0,0
119.920516,31.776737
119.9206169,31.77682997
119.951625,31.777039
120.0141832,31.76750353
119.941937,31.727833
0,0
119.920563,31.776847
119.92847,31.776754
119.866302,31.796696
119.951948,31.687705
119.9671172,31.85223725
119.951956,31.687723
119.92409,31.788547
119.87337,31.794926
0,0
0,0
0,0
119.956662,31.780922
119.983031,31.78559
0,0
119.9374886,31.7891276
119.983363,31.779257
119.9168555,31.79355252
119.8743503,31.79458861
119.9823164,31.7698999
119.9213151,31.80343629
119.951275,31.777729
119.977528,31.786712
119.974859,31.7874802
120.021225,31.76571967
0,0
119.985224,31.786244
119.9886822,31.77677653
119.9520397,31.77633002
119.9088151,31.737095
119.947032,31.731866
119.9229012,31.7549962
119.91612,31.792761
119.9497266,31.7144892
0,0
0,0
119.97751,31.78668701
119.9564246,31.71930206
119.9365094,31.67538375
119.9802414,31.78824219
119.968113,31.81215
119.9910251,31.85004123
119.965787,31.75634
119.9560946,31.71923557
119.9562917,31.71911397
0,0
119.9144531,31.75292697
119.953165,31.759405
0,0
119.986103,31.789919
120.0407831,31.79010742
119.923977,31.788518
120.0405268,31.79019803
119.923977,31.788487
119.9841718,31.76509793
119.966796,31.818693
0,0
119.9504441,31.75160183
119.9085333,31.78311388
0,0
119.9206147,31.77675483
119.9961149,31.82922797
119.938474,31.775875
119.938445,31.775799
119.924063,31.788634
119.92379,31.788491
119.9736051,31.82107368
0,0
120.0427631,31.75606283
119.923289,31.790244
119.9216,31.81926
119.9739605,31.82106961
119.9420445,31.68891276
119.9737302,31.83617784
0,0
119.9737801,31.83611328
119.9569238,31.7653342
119.951232,31.727887
119.9666051,31.79925157
119.975488,31.83543159
119.889565,31.79624
0,0
119.9913425,31.78732205
119.995213,31.813223
119.889602,31.796158
119.924708,31.78854
119.9877607,31.78545302
119.9474053,31.81848823
120.0033938,31.74239204
119.889654,31.796234
120.016707,31.792611
119.972763,31.7456
119.9347149,31.76710476
119.972587,31.869388
119.962762,31.767797
119.94386,31.8111
119.882985,31.807488
0,0
119.9776487,31.78469916
119.963459,31.772105
119.9671883,31.70522786
119.948339,31.689693
120.0124208,31.73720188
119.969742,31.79745
119.9699419,31.79763455
120.0000605,31.81780138
119.9672439,31.81637343
119.997257,31.84325
119.965858,31.79797
119.9776704,31.71287326
119.9797238,31.81594781
119.9775663,31.74909019
119.9495785,31.79085693
119.9397588,31.86724284
119.954466,31.727987
119.978066,31.783778
119.9503271,31.79602403
120.071802,31.82117432
119.9377787,31.70591652
119.9083222,31.78335748
119.9858076,31.78434001
119.9725413,31.82130266
119.9726154,31.82125096
119.9757978,31.70463406
119.9574056,31.71759006
119.9723735,31.82112628
119.9609559,31.75206055
119.9495722,31.79085693
119.972508,31.821325
119.9344583,31.78816759
0,0
119.9470993,31.73855823
0,0
120.045433,31.7591
119.9520028,31.77649631
0,0
119.9422369,31.73014377
119.953738,31.833006
119.97247,31.821797
119.976196,31.815238
119.9491526,31.76443604
119.96106,31.774305
119.9496826,31.79083849
119.9581863,31.78826742
119.948802,31.774761
119.990734,31.82668
120.039391,31.758592
119.9936054,31.82727854
119.9610135,31.72774875
119.9768053,31.86784478
119.9476226,31.74449599
119.953885,31.798429
119.9478274,31.75704319
119.999109,31.796094
119.9729913,31.72740804
120.0625616,31.71490099
0,0
119.9467773,31.7608572
119.942655,31.785289
119.9735916,31.85725911
119.977897,31.799909
119.9377319,31.78385091
119.9536049,31.79587782
119.9522076,31.78023899
119.94247,31.675583
119.987455,31.792068
119.950692,31.774443
119.9343072,31.81811361
120.014066,31.76753
119.9663262,31.74766683
119.9504921,31.77648248
120.0016252,31.78012994
119.969432,31.71553
119.970111,31.767672
119.9959427,31.81862033
119.990279,31.803054
0,0
0,0
120.0458915,31.75498647
119.969136,31.755395
119.9317787,31.77078749
119.9758529,31.72714681
119.9283542,31.78417942
119.9547,31.770975
119.9676856,31.85246907
119.947263,31.731489
119.9565136,31.73691353
0,0
119.947326,31.731506
119.9549536,31.734037
119.988406,31.844559
119.930789,31.771683
120.001333,31.81149
119.941907,31.68877648
0,0
0,0
119.9179389,31.86369602
119.9480002,31.87156548
0,0
119.995927,31.840819
119.9758333,31.72715847
119.993178,31.78819
119.9725534,31.82176188
119.9725217,31.82181342
120.017029,31.792963
119.9334538,31.77774197
119.9945084,31.87374565
119.9963159,31.78410319
119.961057,31.752166
119.948129,31.871171
119.9835095,31.77917232
119.973314,31.821852
119.994298,31.788717
119.9521625,31.77633952
119.924659,31.75499512
119.9590039,31.80130371
119.967767,31.797895
119.961149,31.780655
0,0
119.9423766,31.7154248
0,0
119.991032,31.850007
119.9470606,31.79220827
119.9725689,31.82901774
0,0
119.9962918,31.78220676
119.9713276,31.85328695
0,0
119.9471838,31.79213033
119.999504,31.812635
119.9470448,31.79231616
119.9622464,31.7484063
0,0
120.015421,31.786998
0,0
0,0
119.960706,31.812738
119.9671908,31.8521346
0,0
119.912526,31.76407091
119.933645,31.732106
119.960397,31.813234
0,0
119.992586,31.753712
119.9610769,31.82363932
119.961737,31.71353
119.9465224,31.75831977
120.000195,31.817822
119.97726,31.707843
119.956002,31.784032
0,0
119.9423698,31.6936971
119.9469903,31.79219802
119.9821895,31.63710155
119.9615297,31.82423313
119.7478038,31.77781331
119.9661882,31.83384983
119.969811,31.797484
119.947713,31.791744
119.9315658,31.67195638
0,0
119.9600765,31.84497613
119.9479319,31.87142687
0,0
119.990326,31.813073
119.993468,31.781542
0,0
119.943082,31.727428
120.0006821,31.80286214
0,0
0,0
119.9563024,31.81887804
119.9136995,31.77802897
119.932737,31.735486
119.9333686,31.76876438
119.9919567,31.82272705
119.946641,31.693528
120.0451487,31.76756104
119.971109,31.819451
119.98364,31.82391807
120.017661,31.769534
119.978202,31.78966
119.992463,31.840558
119.938154,31.688387
119.9712644,31.81977431
119.9551484,31.68767714
119.9361608,31.79437988
0,0
119.969076,31.755473
120.000205,31.813136
119.9475011,31.77906738
119.968552,31.730652
119.9307023,31.77166748
119.9081418,31.7835121
119.961778,31.80365
120.0481591,31.75507584
119.9565643,31.76887968
119.967544,31.74832
120.01415,31.769309
119.9702161,31.76107559
119.9399672,31.79383355
0,0
119.987733,31.805778
119.933396,31.77774984
119.958558,31.813412
119.914054,31.782406
119.968776,31.863499
119.967779,31.764813
119.9455078,31.81209717
120.05506,31.71703912
119.914242,31.851051
119.9676109,31.79810379
119.9660167,31.71252875
